,user_input,response,reference,answer_relevancy,factual_correctness(mode=f1),nv_accuracy
0,"In the essay, the author mentions his early experiences with programming. Describe the first computer he used for programming, the language he used, and the challenges he faced.","Based on Paul Graham's essay, here are the details about his early programming experiences:

## First Computer: IBM 1401

Paul Graham's first programming experience was on an **IBM 1401** that his school district used for ""data processing."" This was when he was in 9th grade (age 13-14). The computer was located in the basement of his junior high school, which he memorably describes as being ""like a mini Bond villain's lair down there, with all these alien-looking machines — CPU, disk drives, printer, card reader — sitting up on a raised floor under bright fluorescent lights.""

## Programming Language: Early Fortran

The language they used was **an early version of Fortran**. The programming workflow was quite cumbersome by modern standards - you had to type programs on punch cards, stack them in the card reader, and press a button to load the program into memory and run it.

## Major Challenges

Graham faced several significant challenges:

1. **Limited Input Options**: The only form of input to programs was data stored on punched cards, and he didn't have any data stored on punched cards.

2. **Lack of Interactive Capability**: Unlike modern computers, there was no real-time interaction - you could only do batch processing through the punch card system.

3. **Limited Mathematical Knowledge**: The alternative was to write programs that didn't rely on input (like calculating approximations of pi), but he didn't know enough mathematics to do anything interesting.

4. **Social Consequences**: He learned that programs could fail to terminate when one of his didn't stop running. On a machine without time-sharing, this was both a technical and social error, as evidenced by ""the data center manager's expression.""

Graham reflects that in retrospect, there wasn't much he could have done with the machine given these limitations, which is why he can't remember any of the programs he wrote - ""they can't have done much."" This experience contrasts sharply with his later enthusiasm when microcomputers arrived, offering real-time interaction and much more programming possibilities.","The first computer the author used for programming was the IBM 1401, which was used by his school district for data processing. He started using it in 9th grade, around the age of 13 or 14. The programming language he used was an early version of Fortran. The author faced several challenges while using this computer. The only form of input to programs was data stored on punched cards, and he didn't have any data stored on punched cards. The only other option was to do things that didn't rely on any input, like calculate approximations of pi, but he didn't know enough math to do anything interesting of that type. Therefore, he couldn't figure out what to do with it and in retrospect, he believes there's not much he could have done with it.",0.8769574217033532,0.67,1.0
1,The author switched his major from philosophy to AI during his college years. What were the two specific influences that led him to develop an interest in AI? Provide a brief description of each.,"Based on the document, Paul Graham identified two specific influences that led him to develop an interest in AI:

1. **""The Moon is a Harsh Mistress"" by Robert Heinlein** - This science fiction novel featured an intelligent computer character named Mike. Graham was completely drawn into the world of the book and it made him believe that having intelligent computers like Mike was inevitable - ""it seemed only a matter of time before we'd have Mike.""

2. **A PBS documentary showing Terry Winograd using SHRDLU** - This documentary demonstrated SHRDLU, an early AI program that could understand and respond to natural language commands about a simple blocks world. When Graham saw Winograd using SHRDLU, it made AI seem very achievable in the near term - he thought it would only be ""a few years at most"" and that ""all you had to do was teach SHRDLU more words.""

These two influences made AI seem both inspiring (through the fictional Mike) and practically achievable (through the real demonstration of SHRDLU), which motivated Graham to switch from philosophy to AI in the mid-1980s.","The two specific influences that led the author to develop an interest in AI were a novel and a documentary. The novel was ""The Moon is a Harsh Mistress"" by Heinlein, which featured an intelligent computer named Mike. The author was drawn into the world of the novel and felt it was only a matter of time before we'd have an intelligent computer like Mike. The documentary was a PBS documentary that showed Terry Winograd using SHRDLU, a computer program that used natural language processing. Seeing Winograd use SHRDLU made the author believe that the development of AI was imminent.",0.8998127305935056,0.44,1.0
2,"In the essay, the author discusses his initial interest in AI and his eventual disillusionment with it. According to the author, what were the two main influences that initially drew him to AI and what realization led him to believe that the approach to AI during his time was a hoax?","According to Paul Graham's essay, the two main influences that initially drew him to AI were:

1. **A novel by Heinlein called ""The Moon is a Harsh Mistress""** - which featured an intelligent computer called Mike. Graham was completely drawn into its world and it seemed to him that having such an intelligent computer was only a matter of time.

2. **A PBS documentary showing Terry Winograd using SHRDLU** - When Graham saw this, it seemed like achieving true AI would be just ""a few years at most"" and that ""all you had to do was teach SHRDLU more words.""

However, during his first year of graduate school, Graham came to realize that **AI as practiced at the time was ""a hoax.""** His key realization was that:

- The AI programs of that era (like SHRDLU) that translated natural language statements into formal representations only showed that ""there's a subset of natural language that's a formal language. But a very proper subset.""

- **There was an ""unbridgeable gap"" between what these programs could do and actually understanding natural language.** It wasn't simply a matter of teaching SHRDLU more words, as he had initially believed.

- **The whole approach of using ""explicit data structures representing concepts"" was fundamentally flawed** and would never lead to true AI like the computer ""Mike"" from Heinlein's novel.

Graham concluded that while this broken approach generated many opportunities to write academic papers about ""band-aids,"" it was never going to achieve genuine artificial intelligence. This realization led him to abandon AI and focus on Lisp instead, since he found Lisp interesting for its own sake beyond its association with AI.","The two main influences that initially drew the author to AI were a novel by Heinlein called ""The Moon is a Harsh Mistress,"" which featured an intelligent computer called Mike, and a PBS documentary that showed Terry Winograd using SHRDLU. The realization that led him to believe that the approach to AI during his time was a hoax was that the AI programs of the time, which translated natural language into formal representations and added them to their knowledge base, were not truly understanding natural language. He realized that there was an unbridgeable gap between what these programs could do and actual understanding of natural language.",0.8973574077428998,0.4,1.0
3,"The author mentions his shift of interest towards Lisp, a programming language. What reasons does he provide for this shift and how did he further his understanding of Lisp?","Based on Paul Graham's essay, his shift toward Lisp happened for several key reasons, and he pursued understanding it through multiple approaches:

## Reasons for the Shift to Lisp

**Initial Discovery (College):**
- He needed to learn Lisp to teach himself AI, since ""Lisp was regarded as the language of AI"" at the time
- The commonly used programming languages were ""pretty primitive"" (like the Pascal-like PL/I at Cornell)
- Learning Lisp ""expanded my concept of a program so fast that it was years before I started to have a sense of where the new limits were""

**Pivot After AI Disillusionment:**
When he realized that AI ""as practiced at the time, was a hoax,"" he looked for what he could ""salvage from the wreckage"" of his plans:
- He recognized that ""Lisp was interesting for its own sake and not just for its association with AI""
- This intrinsic value made it worth pursuing independently of AI applications

## How He Furthered His Understanding

**1. Writing a Book (Primary Method):**
- He decided to write ""On Lisp,"" a book about Lisp hacking
- As he admits: ""It's scary to think how little I knew about Lisp hacking when I started writing that book""
- But he discovered that ""there's nothing like writing a book about something to help you learn it""
- The book took years to complete (written mostly in grad school, published in 1993)

**2. Practical Application:**
- Used Lisp professionally at Interleaf (though limited by their C-heavy environment)
- Built Viaweb's software using Lisp
- Wrote Y Combinator's internal software in Arc (his Lisp dialect)
- Built Hacker News in Arc

**3. Language Development:**
- Created his own Lisp dialect called ""Arc"" 
- Later developed ""Bel,"" a more fundamental Lisp that took 4 years (2015-2019)
- Worked on implementing McCarthy's original vision of Lisp as a formal model of computation

**4. Deep Theoretical Work:**
In his later work on Bel, he pursued Lisp at its most fundamental level, trying to continue ""using McCarthy's axiomatic approach till you'd defined a complete programming language"" - essentially attempting to create a theoretically pure Lisp that maintained its mathematical elegance while being practically useful.

The progression shows Graham moving from practical necessity (learning it for AI) to genuine intellectual fascination with the language's intrinsic properties and mathematical foundations.","The author shifted his interest towards Lisp after realizing that the way AI was practiced at the time, with explicit data structures representing concepts, was not going to work. He found that Lisp was interesting for its own sake and not just for its association with AI, which was the main reason people cared about it at the time. To further his understanding of Lisp, he decided to write a book about Lisp hacking. He mentions that writing a book about something can help you learn it. The book he wrote, ""On Lisp,"" was mostly written during his time in grad school.",0.9326574321189294,0.38,1.0
4,"In the essay, the author mentions his interest in both computer science and art. Discuss how he attempts to reconcile these two interests during his time in grad school. Provide specific examples from the text.","In Paul Graham's essay, he describes a fascinating period during graduate school where he struggled to reconcile his dual passions for computer science and art. This internal conflict created what he describes as a complex situation where he was ""working energetically on multiple projects that were not my thesis.""

## The Discovery of Art as a Viable Path

The turning point came during a 1988 visit to Carnegie Institute, where Graham had an epiphany while looking at a painting:

> ""There, right on the wall, was something you could make that would last. Paintings didn't become obsolete. Some of the best ones were hundreds of years old.""

This realization was profound because it addressed his frustration with systems work in computer science, where ""any program you wrote today, no matter how good, would be obsolete in a couple decades at best.""

## Practical Reconciliation During Grad School

Graham's approach to balancing these interests was remarkably direct - he simply pursued both simultaneously:

**Taking Art Classes**: ""That fall I started taking art classes at Harvard. Grad students could take classes in any department, and my advisor, Tom Cheatham, was very easy going. If he even knew about the strange classes I was taking, he never said anything.""

**Continuing Technical Work**: Despite his growing interest in art, he remained ""genuinely in love with Lisp hacking and working away at On Lisp"" - the technical book he was writing about programming.

**Multiple Active Projects**: He describes himself as ""like many a grad student, I was working energetically on multiple projects that were not my thesis"" - specifically computer science research, his Lisp book, and art studies.

## The Tension and Resolution

Graham candidly admits he ""didn't see a way out of this situation"" and ""didn't want to drop out of grad school, but how else was I going to get out?"" The pressure of maintaining this dual track created genuine stress.

His escape came through an almost serendipitous conversation with his advisor in April 1990, when Professor Cheatham asked if he was ready to graduate that June. In ""what must have been the quickest bit of thinking in my life,"" Graham decided to attempt writing his entire dissertation in just 5 weeks, ""reusing parts of On Lisp where I could.""

## Strategic Compromise

Rather than truly reconciling these interests, Graham made a strategic decision to use his computer science work as a stepping stone to art. He ""picked applications of continuations as the topic"" for his dissertation - not because it was his passion, but because ""all I wanted was to get out of grad school.""

Simultaneously, he applied to art schools, showing his commitment to transitioning fully into art after completing his technical degree.

Graham's approach reveals someone who didn't try to synthesize these fields academically, but rather used the stability and credential of the PhD to create freedom for artistic pursuit. His strategy was essentially to fulfill his technical obligations efficiently while building toward his artistic goals - a pragmatic rather than intellectually integrated solution to his dual interests.","The author in the essay is Paul Graham, who was pursuing a PhD in computer science but also developed an interest in art. He found himself in a complex situation where he was simultaneously exploring different fields and trying to reconcile his interests.

In terms of computer science, Graham was particularly interested in Lisp, a programming language. He decided to write a book about Lisp hacking, titled ""On Lisp,"" as a way to deepen his understanding of the language. He was also intrigued by the idea of building things that would last, which he felt was a challenge in the field of systems work in computer science as any program written would eventually become obsolete.

On the other hand, Graham also developed a fascination with art. He was inspired by a visit to the Carnegie Institute where he realized that paintings, unlike software, do not become obsolete and can last for hundreds of years. This realization led him to consider the possibility of becoming an artist himself. Despite having no prior experience, he started taking art classes at Harvard while still being in the PhD program.

Graham found himself working on multiple projects that were not related to his thesis. He was writing his book on Lisp, taking art classes, and still trying to complete his PhD. He was in a dilemma about how to reconcile his varied interests and find a way out of grad school.

A turning point came when his professor asked if he was ready to graduate. Despite not having written a word of his dissertation, Graham decided to write one in the remaining weeks before the deadline, reusing parts of his book ""On Lisp"" where he could. This decision reflects his attempt to reconcile his interests by integrating his work on Lisp into his academic obligations.",0.8953698231632572,0.62,1.0
5,The author discusses his decision to write a book on Lisp hacking despite his limited knowledge about it. What reasons does he give for this decision and how does this reflect his approach to learning and problem-solving?,"""In the essay, Paul Graham explains his decision to write a book on Lisp hacking after realizing that AI """"as practiced at the time, was a hoax."""" Here are the key reasons he gives for this decision and what it reveals about his learning approach:

## His Reasons for Writing the Book

1. **Salvaging from disappointment**: After becoming disillusioned with AI research, he looked for """"what I could salvage from the wreckage of my plans, and there was Lisp.""""

2. **Intrinsic interest in Lisp**: He """"knew from experience that Lisp was interesting for its own sake and not just for its association with AI, even though that was the main reason people cared about it at the time.""""

3. **Learning through teaching**: Most importantly, he recognized that """"there's nothing like writing a book about something to help you learn it.""""

## His Approach to Learning and Problem-Solving

Graham's decision reveals several key aspects of his learning philosophy:

**Learning by doing/teaching**: Rather than waiting until he was an expert, he used the act of writing itself as a learning mechanism. He's remarkably honest about this: """"It's scary to think how little I knew about Lisp hacking when I started writing that book.""""

**Comfort with uncertainty**: He was willing to embark on a major project despite having limited knowledge, showing confidence that he could learn what he needed along the way.

**Practical over theoretical**: When his theoretical AI pursuits disappointed him, he pivoted to something he could actually build and work with practically.

This approach of """"learning by explaining"""" becomes a recurring pattern in his life - he later uses essay writing as a way to think through ideas, and even mentions that giving talks was one of his """"tricks for writing essays"""" because """"the prospect of having to stand up in front of a group of people and tell them something that won't waste their time is a great spur to the imagination.""""""","The author decided to write a book on Lisp hacking primarily because he found Lisp interesting in its own right, separate from its association with AI. He also believed that writing a book about something is a good way to learn it. This reflects his approach to learning and problem-solving as being hands-on and experiential. He's not afraid to dive into a subject he's not fully versed in, using the process of writing and explaining to deepen his understanding. This approach suggests a willingness to take risks and learn through doing, rather than relying solely on prior knowledge or expertise.",0.9439098441022656,0.0,1.0
6,"In the essay, the author mentions a quick decision he made regarding his graduation. What was the decision and how did he plan to execute it?","In the essay, Paul Graham describes a pivotal moment in April 1990 when his professor Tom Cheatham asked if he was far enough along to graduate that June. 

The **decision** was to graduate that June, even though he hadn't written a single word of his dissertation yet. Graham describes this as ""the quickest bit of thinking in my life.""

His **execution plan** was ambitious and desperate:
- Write an entire PhD dissertation in approximately 5 weeks (the time remaining before the deadline)
- Reuse parts of his book ""On Lisp"" where possible to save time
- Choose ""applications of continuations"" as his dissertation topic
- Respond to his professor with ""Yes, I think so. I'll give you something to read in a few days"" - with no perceptible delay

Graham notes that in retrospect, he should have written about ""macros and embedded languages"" as there was more unexplored territory there, but his primary goal was simply to escape grad school. He describes his hastily written dissertation as having ""sufficed, just barely.""

This decision came at a time when he was feeling trapped in graduate school while simultaneously being drawn to art and continuing his work on Lisp - he was ""working energetically on multiple projects that were not my thesis."" The opportunity to graduate quickly was like finding ""a crack in the wall"" of his seemingly impossible situation.","The author decided to attempt writing his dissertation in the 5 weeks that remained before the deadline, despite not having a single word written yet. He planned to execute this by reusing parts of his work from ""On Lisp"" where he could.",0.8259808034583663,0.32,1.0
7,"The author describes the atmosphere and practices at the Accademia di Belli Arti. Based on his account, how did the students and faculty interact and what was the general approach to learning and teaching in this institution?","Based on Paul Graham's account, the Accademia di Belli Arti had a very relaxed and essentially non-educational atmosphere, despite maintaining traditional appearances. Here's how he describes the student-faculty dynamic and learning approach:

## The Implicit Agreement
Graham describes an unspoken arrangement where ""the students wouldn't require the faculty to teach anything, and in return the faculty wouldn't require the students to learn anything."" This created a mutually convenient situation where neither party had real expectations of the other.

## Surface-Level Traditionalism
The institution maintained the **outward conventions of a 19th century atelier**, complete with:
- Traditional wood-burning stoves ""fed with kindling""
- Nude models positioned near the stove
- The physical setup you'd expect from classical art training

## Actual Student Behavior
However, the reality was quite different from this traditional appearance:
- **Most students didn't actually paint** the model that was provided
- Instead, they spent their time **chatting socially**
- When they did attempt art, they tried to **imitate things from American art magazines** rather than learning fundamental techniques
- Graham was apparently one of the few students who actually painted the model seriously

## Faculty Approach
The faculty were described as ""the nicest people you could imagine,"" but they had essentially abdicated their teaching responsibilities. There was no real instruction or academic rigor.

Graham characterizes the whole experience as a ""very civilized joke"" - an institution that looked like a serious art school from the outside but provided little actual education. This disappointed him, as he'd hoped to learn serious artistic techniques at what he assumed would be a prestigious institution (being ""the oldest art school"").

The experience reinforced a pattern Graham noticed in his life: being drawn to ""august institutions"" hoping to learn about ""prestigious subjects,"" only to find them lacking in substance.","According to the author's account, the students and faculty at the Accademia di Belli Arti had an arrangement where the students wouldn't require the faculty to teach anything, and in return the faculty wouldn't require the students to learn anything. The author describes this as an adherence to the conventions of a 19th century atelier. The students spent their time chatting or occasionally trying to imitate things they'd seen in American art magazines. The author also mentions that hardly anyone else painted the model besides him. This suggests that the general approach to learning and teaching in this institution was rather informal and not very rigorous.",0.9291901231895143,0.62,1.0
8,"In the essay, the author discusses his experience with painting still lives. Based on his description, explain how the process of painting a still life differs from painting a person. What does the author suggest is the benefit of painting still lives in terms of visual perception?",nan,"In the essay, the author explains that painting a still life is different from painting a person because the subject of a still life doesn't move, unlike a person who can't sit still for more than about 15 minutes. When painting people, the traditional method is to know how to paint a generic person, which is then modified to match the specific person being painted. In contrast, a still life can be copied pixel by pixel from what the artist is seeing.

The author suggests that painting still lives allows for a deeper understanding of visual perception. In everyday life, much of what we see is processed by low-level brain functions that provide a general understanding of what we're seeing, without detailing every aspect. However, when painting a still life, the artist must look more closely and notice details that are usually overlooked. The author notes that this process of careful observation can lead to new discoveries even after days of painting something that people usually take for granted. Therefore, painting still lives can enhance visual perception by encouraging a more detailed and conscious observation of the world.",0.0,0.0,0.0
9,"The author shares his work experience at a company called Interleaf. Describe the unique feature that Interleaf had added to their software and its significance. Also, discuss the author's role in the company and his self-assessment of his performance.","Based on Paul Graham's essay, Interleaf had implemented a particularly innovative feature for its time:

## The Unique Feature and Its Significance

**The Innovation**: Interleaf, a company that made document creation software (similar to Microsoft Word), had done something ""pretty bold"" - they added a scripting language to their software, and made this scripting language a dialect of Lisp. This was inspired by Emacs.

**The Significance**: This was highly unusual for document creation software in that era. Adding a scripting capability, especially one based on Lisp, gave users the ability to extend and customize the software in powerful ways. It represented a forward-thinking approach to software design that anticipated the value of extensibility and user programmability.

## Graham's Role and Self-Assessment

**His Role**: Graham was hired specifically as a ""Lisp hacker"" to write programs in this scripting language. The company recognized they needed someone with Lisp expertise to develop functionality using their new scripting capabilities.

**His Brutally Honest Self-Assessment**: Graham is remarkably candid about his poor performance, stating ""I hereby apologize to my boss and coworkers, because I was a bad employee."" He cites several specific problems:

1. **Technical Limitations**: The Lisp scripting was ""the thinnest icing on a giant C cake,"" and since he didn't know C and didn't want to learn it, he ""never understood most of the software""

2. **Work Ethic Issues**: He was ""terribly irresponsible"" about conventional working hours, finding it ""unnatural"" to show up every day during set hours

3. **Divided Attention**: Toward the end, he spent much of his time ""surreptitiously working on On Lisp"" (his book) rather than company work

Despite his poor performance as an employee, Graham learned valuable lessons about business and technology that he later applied to Viaweb and Y Combinator, particularly the insight that ""the low end eats the high end"" - meaning simpler, more accessible solutions often eventually displace sophisticated but complex ones.","Interleaf, the company where the author worked, had added a unique feature to their software. Inspired by Emacs, they incorporated a scripting language into their software, which was even made as a dialect of Lisp. This bold move was significant as it allowed for more complex and flexible operations within the software.

The author's role in the company was to write things in this scripting language, essentially functioning as a Lisp hacker. However, the author self-assesses his performance as poor. He admits to being a bad employee, stating that he didn't understand most of the software because their Lisp was just a thin layer on top of a large amount of C code, a language he didn't know and didn't want to learn. Additionally, he confesses to being terribly irresponsible, particularly in relation to the traditional working hours that were expected at the time.",0.8731075592760543,0.33,1.0
